"title","price","url"
"Apple iPhone 6 16GB- 64GB- 128GB, Fully Unlocked, Excellent Condition","$62.42 to $174.00","https://www.ebay.com/itm/Apple-iPhone-6-16GB-64GB-128GB-Fully-Unlocked-Excellent-Condition/113709162590?epid=15034404485&_trkparms=ispr%3D1&hash=item1a7998205e:m:mz2jT-oG2zcyil2xKu8ba_g:sc:USPSPriority!94040!US!-1&enc=AQAEAAACQBPxNw%2BVj6nta7CKEs3N0qX%2BPhCmjvMKh0%2BG9j8ZcRpa5a80rTmIEX0if8RFyoJNsnsfMpy01WZK42g%2BfZtRdFrodMNJQzFal%2BBfZQkiGQDk76aV0zFEdBPkXXTuGUN7uNp%2Bk1au08ULEzGSoaP6SK32E6jGqsGD3VmU7%2FaPBkfUKogNnd3IM2Yy6kcbITr8W1AxJ9V8%2B0a8CMYxNIKi3Nbs6ag0Tg5F88Lua5cpjJbIDrPPdqcm6x9rG3TX4vFEGBRiVH5DtiEXaOWIUOzu3UWA0uTmMj6cBgwRHx%2BVDGl%2F2D9SDAe2PhdZjvwux0%2Fv63fgNUgu4EIkixnWaZfhzETfVaHRZggmbXfU37slFKjdcINlixuUxu9n2Q%2B3Bt%2BvcT3VLwTX7s1w5uLhPa7yG9Uib4gAuhB7lImev5Uu1lyo52PTbCwGKOHSCx5Oxwj55SH3GTT6ehOEYo4MYxiDs2w58fpf4WYrUCjR5y0roUR9R52zM7YOrALB9nyjY5xzBzFLQYhHmWFmhIMYYLKZF%2Ff3085Qfk3Chyjd6h%2Fc17CfYlaHXWdBiHJUVrJnlDoqw%2FzXwlewPbfxZkHKv%2Bp4FDQwin%2BZPHtcPxsH1k5Yoe6Ouyh0B9PicgpqHuwny5PC3tZV22althIQKlwBsL76MfyA89fnRCCWIvQ2hCfMEC%2BciJL%2Fqj5raA1kL0f28z1h0ys6g2ktyZ0IA9mgvtR3DJHCMtboT2nKVXgf4%2B8F13fR5UayHSp%2FDaQGjqswFTlJZA%3D%3D&checksum=11370916259047235735105148e1a77a30b89d77a8e9&enc=AQAEAAACQBPxNw%2BVj6nta7CKEs3N0qX%2BPhCmjvMKh0%2BG9j8ZcRpa5a80rTmIEX0if8RFyoJNsnsfMpy01WZK42g%2BfZtRdFrodMNJQzFal%2BBfZQkiGQDk76aV0zFEdBPkXXTuGUN7uNp%2Bk1au08ULEzGSoaP6SK32E6jGqsGD3VmU7%2FaPBkfUKogNnd3IM2Yy6kcbITr8W1AxJ9V8%2B0a8CMYxNIKi3Nbs6ag0Tg5F88Lua5cpjJbIDrPPdqcm6x9rG3TX4vFEGBRiVH5DtiEXaOWIUOzu3UWA0uTmMj6cBgwRHx%2BVDGl%2F2D9SDAe2PhdZjvwux0%2Fv63fgNUgu4EIkixnWaZfhzETfVaHRZggmbXfU37slFKjdcINlixuUxu9n2Q%2B3Bt%2BvcT3VLwTX7s1w5uLhPa7yG9Uib4gAuhB7lImev5Uu1lyo52PTbCwGKOHSCx5Oxwj55SH3GTT6ehOEYo4MYxiDs2w58fpf4WYrUCjR5y0roUR9R52zM7YOrALB9nyjY5xzBzFLQYhHmWFmhIMYYLKZF%2Ff3085Qfk3Chyjd6h%2Fc17CfYlaHXWdBiHJUVrJnlDoqw%2FzXwlewPbfxZkHKv%2Bp4FDQwin%2BZPHtcPxsH1k5Yoe6Ouyh0B9PicgpqHuwny5PC3tZV22althIQKlwBsL76MfyA89fnRCCWIvQ2hCfMEC%2BciJL%2Fqj5raA1kL0f28z1h0ys6g2ktyZ0IA9mgvtR3DJHCMtboT2nKVXgf4%2B8F13fR5UayHSp%2FDaQGjqswFTlJZA%3D%3D&checksum=11370916259047235735105148e1a77a30b89d77a8e9"
"Apple iPhone 7 Factory Unlocked 4G LTE iOS Smartphone","$189.99 to $239.99","https://www.ebay.com/itm/Apple-iPhone-7-Factory-Unlocked-4G-LTE-iOS-Smartphone/254034859770?epid=225208184&_trkparms=ispr%3D1&hash=item3b25a856fa:m:m8c9XQs4CB_LPTQpe2EYUNw:sc:USPSPriority!94040!US!-1&enc=AQAEAAACQBPxNw%2BVj6nta7CKEs3N0qVUe1ekRpxcqEbc6mRfSa70UOctWWHhHDRx5jX2CND3yFh7ad94ML7a46T%2FNetpGvHr%2BXpLqLU%2B%2FLDkFINvTAQQk6Nz7ZWsaPPYCCKENyoPfK1XemsbM4cFPmK4cOI6CUkunL%2BC9yuDmwVi8U5JPd1ouAGlyAhX0%2BGb5vI7DHCC53wcR56yBNVNbXr8x3CkhVeScuvelG88YXa6XpeMKYQ1cF642YZ5%2Bha9JV%2F%2FzmqxDQ4hdaqiMVlchyM%2FV9YOQDV3cALu2zF2hqAHiYU%2BW8xhT%2FC8jT9Knwe6rXn9k8EMSWS3bLzEstfyJYvJefkpPPZlwAG3k%2F3TnUQ7A5EEiWN1JH%2BNFGBeLg3mjipvIoaQO20ssFb1s%2Bw5qCIZYgROcXGBaykuoObIp5daGvPFTw%2F6n3h%2BOeHfyIQ7c4qrOLIVFN9Ar6g5EYMG0RXNLXSLKhFCfl2ElmCudXeeWgSgUhnOrqDmqpaZ6x74b52s53R6cLyG9P7bJwKPeFZm0ECrAQ7cZXdry66nbWsLWkFy3AFlqZ%2FYPIhj80ANL9yWA0ntc7aok%2BtJkwKl07mibyVO1JCMq3JM5IdFQRde7v%2Bm2lBzBCGHaagGSpKEnQav%2F4VIHQJWIcyUQvbRJQ7WQz%2FdHpAp350OfhPWMgOBw%2FDLoDQtOu8ZcrKyDqjt2LlvzW36ys8mMZy6V9BR29hsqJaNp3FjaoSaJyzhkIUsPtZuwn%2FWBcZHtHmQPo1XOxD8laTIMA%3D%3D&checksum=25403485977047235735105148e1a77a30b89d77a8e9&enc=AQAEAAACQBPxNw%2BVj6nta7CKEs3N0qVUe1ekRpxcqEbc6mRfSa70UOctWWHhHDRx5jX2CND3yFh7ad94ML7a46T%2FNetpGvHr%2BXpLqLU%2B%2FLDkFINvTAQQk6Nz7ZWsaPPYCCKENyoPfK1XemsbM4cFPmK4cOI6CUkunL%2BC9yuDmwVi8U5JPd1ouAGlyAhX0%2BGb5vI7DHCC53wcR56yBNVNbXr8x3CkhVeScuvelG88YXa6XpeMKYQ1cF642YZ5%2Bha9JV%2F%2FzmqxDQ4hdaqiMVlchyM%2FV9YOQDV3cALu2zF2hqAHiYU%2BW8xhT%2FC8jT9Knwe6rXn9k8EMSWS3bLzEstfyJYvJefkpPPZlwAG3k%2F3TnUQ7A5EEiWN1JH%2BNFGBeLg3mjipvIoaQO20ssFb1s%2Bw5qCIZYgROcXGBaykuoObIp5daGvPFTw%2F6n3h%2BOeHfyIQ7c4qrOLIVFN9Ar6g5EYMG0RXNLXSLKhFCfl2ElmCudXeeWgSgUhnOrqDmqpaZ6x74b52s53R6cLyG9P7bJwKPeFZm0ECrAQ7cZXdry66nbWsLWkFy3AFlqZ%2FYPIhj80ANL9yWA0ntc7aok%2BtJkwKl07mibyVO1JCMq3JM5IdFQRde7v%2Bm2lBzBCGHaagGSpKEnQav%2F4VIHQJWIcyUQvbRJQ7WQz%2FdHpAp350OfhPWMgOBw%2FDLoDQtOu8ZcrKyDqjt2LlvzW36ys8mMZy6V9BR29hsqJaNp3FjaoSaJyzhkIUsPtZuwn%2FWBcZHtHmQPo1XOxD8laTIMA%3D%3D&checksum=25403485977047235735105148e1a77a30b89d77a8e9"
"Apple iPhone 7 32GB/64GB/128GB - Gold/Gray/Silver Verizon Unlocked Smartphone","$131.00 to $260.00","https://www.ebay.com/itm/Apple-iPhone-7-32GB-64GB-128GB-Gold-Gray-Silver-Verizon-Unlocked-Smartphone/273832805962?_trkparms=ispr%3D1&hash=item3fc1b5064a:m:m7cT6MEXzALGrHwxcTqs6OQ:sc:USPSPriority!94040!US!-1&enc=AQAEAAACQBPxNw%2BVj6nta7CKEs3N0qW0%2F6NCvwDpTqIlNTm40tO1ukQN9ouGzXnz6YoCmRv%2Fywhl90dg6bJObzD1cQWNGHaVA7mTpX%2F68DBl%2BTtWPD2%2B%2BPOSGVQphGlz4z6aI4fBuE83M%2Fn1oHHZabUoI2k4X0x4g0vuo0GZn8ZvidBarn%2FQJ4cK2kiN60RM7s8fMiDK6P9oKUuJqUbz7XQEMDb6eUgguAfisW%2BSDnqBHNWT1ks7OaFlWhLB3qjoRdiTy8%2FWAiHQ8gEL5kogPEAXv5us7fquCne%2BpP9qFNqy089unppXX9iIp8IoTuA6WRaEjBCzacwaiT4RFCFSt7t9pzMW5UBo8Z7wFds%2B5VctfF%2F3NdAtIkFfXa75Nt7BcS11VKMfMgcR1c%2FaVqjDfhUucZfq6GLD0VjpyQ%2FPJ%2BCbUu8NpqXL13YwEnPVZ57PFqLAIPkck93Hk1fYhQn4DW8lB6KODFxyDjaJit9%2FOGQTvI3%2B4VB3mNa7DR5pelgBtTLNmA2g%2B1qUtl5wsSDu5lPp4Af9sNWT6hbnQR7pS4phBWlYGlxzPldl%2FtitMMWu%2Bx120ZTymVNMcbUANZlz82qahS4aT3TnnhmgM3erCITHkpZLmrVh9JwOLh565U9JHYZnO9aY%2Fx3WrnFVNFGYwa9Ow6F4j2Wy8MCuvq0jNkzlV122YRidRnUXHQCmyXePvtLB1gB5dea95zdW1uG3lYTixU71vG4hoiJyOaplzYNN6O%2FwVh7OuHEGIpMzeITGFwz0pxjowA%3D%3D&checksum=27383280596247235735105148e1a77a30b89d77a8e9&enc=AQAEAAACQBPxNw%2BVj6nta7CKEs3N0qW0%2F6NCvwDpTqIlNTm40tO1ukQN9ouGzXnz6YoCmRv%2Fywhl90dg6bJObzD1cQWNGHaVA7mTpX%2F68DBl%2BTtWPD2%2B%2BPOSGVQphGlz4z6aI4fBuE83M%2Fn1oHHZabUoI2k4X0x4g0vuo0GZn8ZvidBarn%2FQJ4cK2kiN60RM7s8fMiDK6P9oKUuJqUbz7XQEMDb6eUgguAfisW%2BSDnqBHNWT1ks7OaFlWhLB3qjoRdiTy8%2FWAiHQ8gEL5kogPEAXv5us7fquCne%2BpP9qFNqy089unppXX9iIp8IoTuA6WRaEjBCzacwaiT4RFCFSt7t9pzMW5UBo8Z7wFds%2B5VctfF%2F3NdAtIkFfXa75Nt7BcS11VKMfMgcR1c%2FaVqjDfhUucZfq6GLD0VjpyQ%2FPJ%2BCbUu8NpqXL13YwEnPVZ57PFqLAIPkck93Hk1fYhQn4DW8lB6KODFxyDjaJit9%2FOGQTvI3%2B4VB3mNa7DR5pelgBtTLNmA2g%2B1qUtl5wsSDu5lPp4Af9sNWT6hbnQR7pS4phBWlYGlxzPldl%2FtitMMWu%2Bx120ZTymVNMcbUANZlz82qahS4aT3TnnhmgM3erCITHkpZLmrVh9JwOLh565U9JHYZnO9aY%2Fx3WrnFVNFGYwa9Ow6F4j2Wy8MCuvq0jNkzlV122YRidRnUXHQCmyXePvtLB1gB5dea95zdW1uG3lYTixU71vG4hoiJyOaplzYNN6O%2FwVh7OuHEGIpMzeITGFwz0pxjowA%3D%3D&checksum=27383280596247235735105148e1a77a30b89d77a8e9"
"Apple iPhone 6S |16GB 64GB 128GB| AT&T T-Mobile Sprint Verizon Unlocked GSM CDMA","$117.00 to $210.00","https://www.ebay.com/itm/Apple-iPhone-6S-16GB-64GB-128GB-AT-T-T-Mobile-Sprint-Verizon-Unlocked-GSM-CDMA/183383599015?epid=240455149&_trkparms=ispr%3D1&hash=item2ab283a7a7:m:mIiReV1jrWHXyqi-C0kYweA&enc=AQAEAAACQBPxNw%2BVj6nta7CKEs3N0qUre%2FleLzJNwg4JevcMrx7QNxCRSGfT%2Fsg2exXd5x8bqUj%2B7p0KVs%2FmecyrEyZfIz20TTHRs4lBBAF%2BLxasCPBqO1gGv5CKhK06WX59yVg0G2O1LufeitCM6yCll6%2BgaP1QXQLnxVH646qCWpJtnnd2njjERafHEuA%2BLY2C3RPaLeAhLgamm2RX9fTI%2FF7x%2FdlnoVpEumUTFpKY0CxTRRyoxcIfHrXAaZ4kefiDZMq5UQJxHGtbDNi9anzHFolAVjPeiv3jLrAgc9alfctXFQIq7T%2BiB95Oe3J8B%2FgGsc8%2B38O0Q3iEYiaNmyBzy3K%2BzEHdNakYNmuZDvK7skaxajJ8Q1d%2Frk7IGys6YZYK08FdkcaZT%2F6KM6q8L9rImb8hDOsBfxZ7Hn93A9bhH84np24QtEPLjwousnhzZYLGQy5kTS756iEMueaTdk8%2BZfuy%2FUxBXyS%2Bj%2BsyXkatkd%2Bng0GUBvgOlWWjHVReIBR64TPsbLf1HyUMg9qKlS3Qn6hTP5iPEQOtx8rNXEscFO2L9xhFZnl5Izlugqlvlvow8Mobwxn4k%2BHIoYTDZ8hyLssXG3ViW9bpBEUj6M1sIKwZeB3a%2BZnJnay7OaOvlrTr%2FZ5tx%2FA7%2BiwSz8mpsRMdSdfwre5j8tHQHCj6JEkfpYh0zXy%2FZ5TRNSLppaF6YJ69G25r3xSqG1RLjn80Ysn59tBiP0iVRBVeOwFTVaQhxClIcZ4d0ICFwaW5R%2BV7LY2OjpYlGA%3D%3D&checksum=18338359901547235735105148e1a77a30b89d77a8e9&enc=AQAEAAACQBPxNw%2BVj6nta7CKEs3N0qUre%2FleLzJNwg4JevcMrx7QNxCRSGfT%2Fsg2exXd5x8bqUj%2B7p0KVs%2FmecyrEyZfIz20TTHRs4lBBAF%2BLxasCPBqO1gGv5CKhK06WX59yVg0G2O1LufeitCM6yCll6%2BgaP1QXQLnxVH646qCWpJtnnd2njjERafHEuA%2BLY2C3RPaLeAhLgamm2RX9fTI%2FF7x%2FdlnoVpEumUTFpKY0CxTRRyoxcIfHrXAaZ4kefiDZMq5UQJxHGtbDNi9anzHFolAVjPeiv3jLrAgc9alfctXFQIq7T%2BiB95Oe3J8B%2FgGsc8%2B38O0Q3iEYiaNmyBzy3K%2BzEHdNakYNmuZDvK7skaxajJ8Q1d%2Frk7IGys6YZYK08FdkcaZT%2F6KM6q8L9rImb8hDOsBfxZ7Hn93A9bhH84np24QtEPLjwousnhzZYLGQy5kTS756iEMueaTdk8%2BZfuy%2FUxBXyS%2Bj%2BsyXkatkd%2Bng0GUBvgOlWWjHVReIBR64TPsbLf1HyUMg9qKlS3Qn6hTP5iPEQOtx8rNXEscFO2L9xhFZnl5Izlugqlvlvow8Mobwxn4k%2BHIoYTDZ8hyLssXG3ViW9bpBEUj6M1sIKwZeB3a%2BZnJnay7OaOvlrTr%2FZ5tx%2FA7%2BiwSz8mpsRMdSdfwre5j8tHQHCj6JEkfpYh0zXy%2FZ5TRNSLppaF6YJ69G25r3xSqG1RLjn80Ysn59tBiP0iVRBVeOwFTVaQhxClIcZ4d0ICFwaW5R%2BV7LY2OjpYlGA%3D%3D&checksum=18338359901547235735105148e1a77a30b89d77a8e9"
"Apple iPhone 7 a1660 32GB Verizon Good Condition (Unlocked)","$184.99","https://www.ebay.com/itm/Apple-iPhone-7-a1660-32GB-Verizon-Good-Condition-Unlocked/123845853357?hash=item1cd5c9c0ad:m:mOBZiusclJQZ9IuZ0-BtB8A"
"Apple iPhone 7 Plus 32GB Factory Unlocked Smartphone","$289.99","https://www.ebay.com/itm/Apple-iPhone-7-Plus-32GB-Factory-Unlocked-Smartphone/252945571859?epid=240445956&hash=item3ae4bb2013:m:myeNnQ2ng2COEV_NaclzN6Q:sc:USPSPriority!94040!US!-1"
"Apple iPhone 7 32GB Factory Unlocked Smartphone","$189.99","https://www.ebay.com/itm/Apple-iPhone-7-32GB-Factory-Unlocked-Smartphone/252764834267?epid=240306961&hash=item3ad9f549db:m:m8c9XQs4CB_LPTQpe2EYUNw:sc:USPSPriority!94040!US!-1"
"Apple iPhone 8 Plus 64GB Factory Unlocked Smartphone","$399.99","https://www.ebay.com/itm/Apple-iPhone-8-Plus-64GB-Factory-Unlocked-Smartphone/253478667538?epid=239068324&hash=item3b04818512:m:mKuFQwb5P4FIzp7oI2WYPpg:sc:USPSPriority!94040!US!-1"
"Apple iPhone 8 64GB Factory Unlocked Smartphone","$299.99","https://www.ebay.com/itm/Apple-iPhone-8-64GB-Factory-Unlocked-Smartphone/253462854618?epid=240377032&hash=item3b03903bda:m:mFRcr8S2hgQQNQ5NJ-4vfmQ:sc:USPSPriority!94040!US!-1"
"Apple iPhone 7 Plus a1661 128GB Verizon Good Condition (Unlocked)","$299.99","https://www.ebay.com/itm/Apple-iPhone-7-Plus-a1661-128GB-Verizon-Good-Condition-Unlocked/123858037859?epid=225209519&hash=item1cd683ac63:m:mA5cH4z9R9PJtATNBZO7y6g"
"Apple iPhone 7 a1660 128GB Verizon Good Condition (Unlocked)","$206.99","https://www.ebay.com/itm/Apple-iPhone-7-a1660-128GB-Verizon-Good-Condition-Unlocked/123848104654?epid=9033690770&hash=item1cd5ec1ace:m:mOBZiusclJQZ9IuZ0-BtB8A"
"Apple iPhone 7 128GB ""Factory Unlocked"" 4G LTE iOS WiFi Smartphone","$212.95","https://www.ebay.com/itm/Apple-iPhone-7-128GB-Factory-Unlocked-4G-LTE-iOS-WiFi-Smartphone/401433628517?epid=240531128&hash=item5d774f0f65:m:m9jr3ALcvAY4cU7putC_lrA"
"Apple iPhone X - 64GB, 256GB CDMA/GSM Unlocked, Verizon, AT&T, T-Mobile, Sprint","$429.99 to $659.99","https://www.ebay.com/itm/Apple-iPhone-X-64GB-256GB-CDMA-GSM-Unlocked-Verizon-AT-T-T-Mobile-Sprint/192933356974?hash=item2cebb965ae:m:mIOsmD1TFhWRZvCeq7fk7gA"
"Apple iPhone XR 64GB Factory Unlocked Smartphone 4G LTE iOS Smartphone","$499.99","https://www.ebay.com/itm/Apple-iPhone-XR-64GB-Factory-Unlocked-Smartphone-4G-LTE-iOS-Smartphone/254187678666?epid=8023710610&hash=item3b2ec42bca:m:mxcsaipOrUeYbznT5gw1ibA:sc:USPSPriority!94040!US!-1"
"Apple Watch Gen 3 Series 3 38mm Silver Aluminum - White Sport Band MTEY2LL/A","$179.00","https://www.ebay.com/itm/Apple-Watch-Gen-3-Series-3-38mm-Silver-Aluminum-White-Sport-Band-MTEY2LL-A/113410629863?epid=15027543455&_trkparms=ispr%3D1&hash=item1a67cce0e7:g:M-4AAOSw3fxcAGcY:sc:FedExHomeDelivery!94040!US!-1&enc=AQAEAAACQBPxNw%2BVj6nta7CKEs3N0qW0XSk9IZcfgFwGY5ScuygZC6qLOIVmTtuKSpXwCfviOpC12eKg0hYaoQMwYP81%2BmY1t4D8ngXg5eDL0y4tix3J9Cym4Xb8fAsd75GfBke8pddYG8wAM7FlhqMZDMdlsKLa5kJN2bpAtSV0avJ73ORphmWNI%2F5RAZBBzVJab0DWoVHis41whTuTmtMzP8GKTgFNyAhsO%2Fj2CqmnXUbb6NN6izcAlrsfQlG3tbcLAbSulrJEED0mUkv9IG0w151vDdqrAwEH04rMI4zOJEGKZaGWrj93CPHDEf6n2fkGirOqrsckcT8HAbc5rJ%2FEhdS5a2H5vbYF584aiJ6vZ36E%2FGmkVAV%2FFcP4ACA1CzDprtub62r%2FZOuTBnb7CXfNVoCdfTDMYcsCpq0yOTYiHg%2FQ%2FQdLrbfnqwWRKRNYz5ArsPYJ1paK%2BiyJ%2FRQ9YqgJBOwoInw4lJCDV1SswGx6HW7fD5Vf1G%2B4P9%2BqQUU7njvpzoqdXA0Xlbu0dF%2BPiCRD0Ydvcg7VixQ0tMRLimT0k%2BOlWAcdU3XVAPYcuja%2FfOAppmdth7qxQUId3I2JlytCl7JtZhYGsp%2BMgHBHK%2FWt0RKpLwj6v8wFzaqJMnevpNcSghb%2FuJBmYiDG%2FMYGMkgYQhekGPwSVVB9b2428y58oFMhf2SYy4Ion1VqzARwona4bxtx3Vs%2BEgO51KVEeRho%2FosO1FDOz2yzG1JTE%2FfjC2%2BKR6T4EQgMHbeoEt8w4dQrzBlEug%3D%3D&checksum=11341062986347235735105148e1a77a30b89d77a8e9&enc=AQAEAAACQBPxNw%2BVj6nta7CKEs3N0qW0XSk9IZcfgFwGY5ScuygZC6qLOIVmTtuKSpXwCfviOpC12eKg0hYaoQMwYP81%2BmY1t4D8ngXg5eDL0y4tix3J9Cym4Xb8fAsd75GfBke8pddYG8wAM7FlhqMZDMdlsKLa5kJN2bpAtSV0avJ73ORphmWNI%2F5RAZBBzVJab0DWoVHis41whTuTmtMzP8GKTgFNyAhsO%2Fj2CqmnXUbb6NN6izcAlrsfQlG3tbcLAbSulrJEED0mUkv9IG0w151vDdqrAwEH04rMI4zOJEGKZaGWrj93CPHDEf6n2fkGirOqrsckcT8HAbc5rJ%2FEhdS5a2H5vbYF584aiJ6vZ36E%2FGmkVAV%2FFcP4ACA1CzDprtub62r%2FZOuTBnb7CXfNVoCdfTDMYcsCpq0yOTYiHg%2FQ%2FQdLrbfnqwWRKRNYz5ArsPYJ1paK%2BiyJ%2FRQ9YqgJBOwoInw4lJCDV1SswGx6HW7fD5Vf1G%2B4P9%2BqQUU7njvpzoqdXA0Xlbu0dF%2BPiCRD0Ydvcg7VixQ0tMRLimT0k%2BOlWAcdU3XVAPYcuja%2FfOAppmdth7qxQUId3I2JlytCl7JtZhYGsp%2BMgHBHK%2FWt0RKpLwj6v8wFzaqJMnevpNcSghb%2FuJBmYiDG%2FMYGMkgYQhekGPwSVVB9b2428y58oFMhf2SYy4Ion1VqzARwona4bxtx3Vs%2BEgO51KVEeRho%2FosO1FDOz2yzG1JTE%2FfjC2%2BKR6T4EQgMHbeoEt8w4dQrzBlEug%3D%3D&checksum=11341062986347235735105148e1a77a30b89d77a8e9"
"Apple iphone 7/7 plus 32GB/128GB Unlocked Verizon at&t Smartphone","$223.00 to $381.00","https://www.ebay.com/itm/Apple-iphone-7-7-plus-32GB-128GB-Unlocked-Verizon-at-t-Smartphone/274057682303?_trkparms=ispr%3D1&hash=item3fcf1c5d7f:m:mnfV5RiupUpJPqJ7IAmtckQ:sc:USPSPriority!94040!US!-1&enc=AQAEAAACQBPxNw%2BVj6nta7CKEs3N0qWRwSXp%2FdriSgqL9m1XdrsoNw0gU82ybxVUvNzYBOQippjK2VBTW7TYttX%2Fvt18%2B%2FtvOSMOd6ohORiabW8Jc6fXqTSoZvf4SrvgAIuoJ8XVfnjLnyJFS7EmFBOoeWbS1pu5B%2B9r4S75PZeE6p4dUIKwjn9ydfnFrdLwSbZJuGrdqXCZDRFyBGVmrFeOGY%2BdIIEGidHFa9ttTxjzJNeDM60X19641b6cjKVB1%2BJhZr7lDDeBTe7bXJLhtPTYmS3gBQJJq3IlAuqLvMkmO22TuYTvivo9PNVr%2FfR0wWLseo9EtPWe4OZoWRLiZYVhvQ5h8glRnATo8Gq1%2B3Bp01Kxaeox3WNhsNMxK5mpv%2BetazeqL53oKhrJwK5WTvRhi0BwH9mxSEAowZOi82lJ81cHqM5JhWHmrAy3ACbV%2Fy04fOT38gSC95qziqvv63BHPKr00TRxxR0G7FS8VGIOCyxW%2FGJXKcz9531PlRjn0x0IMcLR%2FKWZjstLM4740rWbFOeAdhNAP9cM7AxR63NDP706B5GDn%2FIhcD1LH7lTNQmGDZ8Rjvtyx5UmQOewiww7zma6Vo5LhsVeFBsFCT%2FZa1dqVWDrY4eNkdxVBFsdOZ1gTF2c%2F1r5DTfSbLnUGxPrBwcMu7oriyogjDmO46ppvQ0qYHCHYwu9Fb8o7OD7c5YOsS71%2FcWNZWKPdFZh2mSntnU2bCqnfguzlZ%2BV5UNAjuPLUa%2FAIeJrZrzQXM2mkNiRGLXwdw%3D%3D&checksum=27405768230347235735105148e1a77a30b89d77a8e9&enc=AQAEAAACQBPxNw%2BVj6nta7CKEs3N0qWRwSXp%2FdriSgqL9m1XdrsoNw0gU82ybxVUvNzYBOQippjK2VBTW7TYttX%2Fvt18%2B%2FtvOSMOd6ohORiabW8Jc6fXqTSoZvf4SrvgAIuoJ8XVfnjLnyJFS7EmFBOoeWbS1pu5B%2B9r4S75PZeE6p4dUIKwjn9ydfnFrdLwSbZJuGrdqXCZDRFyBGVmrFeOGY%2BdIIEGidHFa9ttTxjzJNeDM60X19641b6cjKVB1%2BJhZr7lDDeBTe7bXJLhtPTYmS3gBQJJq3IlAuqLvMkmO22TuYTvivo9PNVr%2FfR0wWLseo9EtPWe4OZoWRLiZYVhvQ5h8glRnATo8Gq1%2B3Bp01Kxaeox3WNhsNMxK5mpv%2BetazeqL53oKhrJwK5WTvRhi0BwH9mxSEAowZOi82lJ81cHqM5JhWHmrAy3ACbV%2Fy04fOT38gSC95qziqvv63BHPKr00TRxxR0G7FS8VGIOCyxW%2FGJXKcz9531PlRjn0x0IMcLR%2FKWZjstLM4740rWbFOeAdhNAP9cM7AxR63NDP706B5GDn%2FIhcD1LH7lTNQmGDZ8Rjvtyx5UmQOewiww7zma6Vo5LhsVeFBsFCT%2FZa1dqVWDrY4eNkdxVBFsdOZ1gTF2c%2F1r5DTfSbLnUGxPrBwcMu7oriyogjDmO46ppvQ0qYHCHYwu9Fb8o7OD7c5YOsS71%2FcWNZWKPdFZh2mSntnU2bCqnfguzlZ%2BV5UNAjuPLUa%2FAIeJrZrzQXM2mkNiRGLXwdw%3D%3D&checksum=27405768230347235735105148e1a77a30b89d77a8e9"
"Apple iPhone 7 Plus a1661 32GB Verizon Good Condition (Unlocked)","$269.99","https://www.ebay.com/itm/Apple-iPhone-7-Plus-a1661-32GB-Verizon-Good-Condition-Unlocked/123845853714?epid=9024273742&hash=item1cd5c9c212:m:mGCTFzaF73gUrQLBL84VQEg"
"Apple iPhone X Smartphone 64GB 256GB Verizon GSM Unlocked AT&T T-Mobile Sprint","$379.00 to $619.00","https://www.ebay.com/itm/Apple-iPhone-X-Smartphone-64GB-256GB-Verizon-GSM-Unlocked-AT-T-T-Mobile-Sprint/303279232871?epid=238944741&hash=item469cd9d767:m:mPVJPPxWxHiaQBk5lIsjrng:sc:USPSPriority!94040!US!-1"
"Apple iPhone 8 Smartphone AT&T Sprint T-Mobile Verizon or Unlocked 4G LTE iOS","$250.00 to $389.00","https://www.ebay.com/itm/Apple-iPhone-8-Smartphone-AT-T-Sprint-T-Mobile-Verizon-or-Unlocked-4G-LTE-iOS/292691384025?epid=239054200&hash=item4425c416d9:m:mAUMlyxZCTOl53tTvhMarOw:sc:USPSPriority!94040!US!-1"
"Apple iPhone 7 Plus Smartphone AT&T Sprint T-Mobile Verizon or Unlocked 4G LTE","$200.00 to $354.00","https://www.ebay.com/itm/Apple-iPhone-7-Plus-Smartphone-AT-T-Sprint-T-Mobile-Verizon-or-Unlocked-4G-LTE/292183348233?epid=240376992&hash=item44077c1409:m:mRjpY8PAi1VwAJi6nohZTCg:sc:USPSPriority!94040!US!-1"
"Apple iPhone 7 Plus 32GB Factory Unlocked 4G LTE iOS WiFi Smartphone","$294.95","https://www.ebay.com/itm/Apple-iPhone-7-Plus-32GB-Factory-Unlocked-4G-LTE-iOS-WiFi-Smartphone/401421944762?epid=240445956&hash=item5d769cc7ba:m:mnQONVVeEl2bYSNagBeK5YQ"
"Apple iPhone 11 PRO MAX - 64GB All Colors-GSM & CDMA Unlocked - Apple Warranty","$1,090.00","https://www.ebay.com/itm/Apple-iPhone-11-PRO-MAX-64GB-All-Colors-GSM-CDMA-Unlocked-Apple-Warranty/153645211475?epid=8034218247&hash=item23c5f7df53:m:mdj-wi6JeH-Bz7l1rS2IzVQ:sc:USPSPriorityMailPaddedFlatRateEnvelope!94040!US!-1"
"Apple iPhone XR Smartphone 64GB 128GB AT&T Sprint T-Mobile Verizon or Unlocked","$349.00 to $569.00","https://www.ebay.com/itm/Apple-iPhone-XR-Smartphone-64GB-128GB-AT-T-Sprint-T-Mobile-Verizon-or-Unlocked/293051720597?epid=27023701730&hash=item443b3e6395:m:muGNZcv-U6md3qiGbhrBz9Q:sc:USPSPriority!94040!US!-1"
"Apple iPhone 7 32GB, 128GB, 256GB CDMA/GSM Unlocked Verizon AT&T T-Mobile Sprint","$164.99 to $294.99","https://www.ebay.com/itm/Apple-iPhone-7-32GB-128GB-256GB-CDMA-GSM-Unlocked-Verizon-AT-T-T-Mobile-Sprint/173908681841?epid=232669172&_trkparms=ispr%3D1&hash=item287dc3e471:m:msByztVlKYI6KoXI-qpJwvQ&enc=AQAEAAACQBPxNw%2BVj6nta7CKEs3N0qUf2A8v0CbhJA1G7jJq%2BOdpcs2zuu5dlpVutkXzV9pPOHqIOXE%2B7uYXo3m6nQOpvtgnRfA6J0q6jvZIjcfP4SV%2F1FDdsZwOWIFs8GpY7LnORHAxBqufhBTfNUFK7z8RCnbkd3EhZ3NEx30EHrewtRP6jsM936TT8YFd26OZ9d97YNIr2tYxQQbuQcD1%2Fm%2F5ed9k4Lg9c2Fa9X2zSPBfiETVddgGNVkCLfph341W5of%2FnurIi7i5BNNAlOpf6YHTNo35GGtWTli2p9ubw9JPa2zxXQpJaf%2B6UOTb%2FWVFnb3lgnIJ8JzcpbGhZ9oerZN3HW0tX9n49E6mdk0oqOB4BmU%2FABB8C4yU77MJdvQthvBhyBTeZPcTYxNEHAazktx5c9bb1qeHDv8P2xkVt5pa8BPxUzq8wQNTxwn3vIsHPonTLAU13CAOznCyWOqdOZamGEuSW4k5lNxJIieXgeEoZCVZAkQpzE3l56uzxYOcPLMbInPr8GxSrg5Df27lbJ%2Fg0Kqztavq3IDLyHUgOp%2Bd5rl%2BH9gNKnjtExawuQMYYXRkczkXMK%2BWoF0NcQ4qfGUZF7gIavnJNeAorwOmtiEf%2FnvIa%2B82kBoWP4bcCcTUfmjTUVx3CI2V%2BZG0FtAqY3uN1vNK%2BoqB0XYOmtADUEgEY%2BzgAThfYxe%2BRk%2FCn2gV8XlFqSXFbueuNUAytF0%2F2GmuvwMoNxo7UXONEjyea7l4pDm9eOWpkZVTyQnqeFSSJ%2FYhDQ%3D%3D&checksum=17390868184147235735105148e1a77a30b89d77a8e9&enc=AQAEAAACQBPxNw%2BVj6nta7CKEs3N0qUf2A8v0CbhJA1G7jJq%2BOdpcs2zuu5dlpVutkXzV9pPOHqIOXE%2B7uYXo3m6nQOpvtgnRfA6J0q6jvZIjcfP4SV%2F1FDdsZwOWIFs8GpY7LnORHAxBqufhBTfNUFK7z8RCnbkd3EhZ3NEx30EHrewtRP6jsM936TT8YFd26OZ9d97YNIr2tYxQQbuQcD1%2Fm%2F5ed9k4Lg9c2Fa9X2zSPBfiETVddgGNVkCLfph341W5of%2FnurIi7i5BNNAlOpf6YHTNo35GGtWTli2p9ubw9JPa2zxXQpJaf%2B6UOTb%2FWVFnb3lgnIJ8JzcpbGhZ9oerZN3HW0tX9n49E6mdk0oqOB4BmU%2FABB8C4yU77MJdvQthvBhyBTeZPcTYxNEHAazktx5c9bb1qeHDv8P2xkVt5pa8BPxUzq8wQNTxwn3vIsHPonTLAU13CAOznCyWOqdOZamGEuSW4k5lNxJIieXgeEoZCVZAkQpzE3l56uzxYOcPLMbInPr8GxSrg5Df27lbJ%2Fg0Kqztavq3IDLyHUgOp%2Bd5rl%2BH9gNKnjtExawuQMYYXRkczkXMK%2BWoF0NcQ4qfGUZF7gIavnJNeAorwOmtiEf%2FnvIa%2B82kBoWP4bcCcTUfmjTUVx3CI2V%2BZG0FtAqY3uN1vNK%2BoqB0XYOmtADUEgEY%2BzgAThfYxe%2BRk%2FCn2gV8XlFqSXFbueuNUAytF0%2F2GmuvwMoNxo7UXONEjyea7l4pDm9eOWpkZVTyQnqeFSSJ%2FYhDQ%3D%3D&checksum=17390868184147235735105148e1a77a30b89d77a8e9"
"Apple iPhone 7 Plus 32/128/256GB GSM+CDMA Unlocked AT&T Verizon T-Mobile","$239.99 to $429.99","https://www.ebay.com/itm/Apple-iPhone-7-Plus-32-128-256GB-GSM-CDMA-Unlocked-AT-T-Verizon-T-Mobile/192311851068?_trkparms=ispr%3D1&hash=item2cc6adf83c:m:mflns8EOVuA6DhxOwD5W1sQ&enc=AQAEAAACQBPxNw%2BVj6nta7CKEs3N0qU07EF%2FW48WxrD37MDSlXwzM9Yp9OQidIzF8a1TO3dW2YB5s33X2NT%2FGtKPpKg0tOMTvup96p5F1AOONd52ijLGDbGzfPGdkGakr1hCbIyHleF9gcxkJU0tVbOKTtwuJVsqkxvxj5kKc%2BUGQYRVclFckpgMbJ2rPdsTqJl8rS7hpPZ09d1QynYMOmxskvP0IMBFpYbyuDBC82hisZ%2F2x22JUjRCSb93Y4OPqisawU4TZtBgm3oWODM2%2FrVB6Wf%2BKiNmet9%2FBpxrzC1TxzoUibxvUG%2FTHv4znH4j2ESLoL5XX1mhiGa2ab2KKzK%2FD0q62HozqS%2FNxoYfvo6m%2BoxCd57dqyI%2BY%2Bzu9hlM0L0d1oJ6YQERCYbV%2BDLBF5NWM%2BNqEwOVOM4TtC%2BH%2BKcFJ5vLVPYv3B%2BMfma3eNKUz5s8E9BJOEBJbYoK8DEqzWVSZa0iI5RC0AIZII%2BQp3gN6EAbnKWjXskPsyOEghaPzmYGenwBKCOsxud06YQ7WtzYz2dxYGz6FrXNtbwC2OkmZiN%2FMCwE0S0UV3TjocKZF2e%2BCwpr0t4BkKLVnOayNS%2BNEDLMIcOsKVXVj%2BmfMlDQ7C8EKB2pw4QZd%2BGQ8bpflHDdXy3M84PO1p3ZHpTjiAgaqhPKy7oZ2s9fmqLArGY7dHSsQd%2FU5rymXOpnSqIYYapk1VfYMNWnNXX9MaenKbmSdYhIIpEbN%2BP6osbqbza7ij71MmmCICD0YHHdRvQQhMy5Y5Edtw%3D%3D&checksum=19231185106847235735105148e1a77a30b89d77a8e9&enc=AQAEAAACQBPxNw%2BVj6nta7CKEs3N0qU07EF%2FW48WxrD37MDSlXwzM9Yp9OQidIzF8a1TO3dW2YB5s33X2NT%2FGtKPpKg0tOMTvup96p5F1AOONd52ijLGDbGzfPGdkGakr1hCbIyHleF9gcxkJU0tVbOKTtwuJVsqkxvxj5kKc%2BUGQYRVclFckpgMbJ2rPdsTqJl8rS7hpPZ09d1QynYMOmxskvP0IMBFpYbyuDBC82hisZ%2F2x22JUjRCSb93Y4OPqisawU4TZtBgm3oWODM2%2FrVB6Wf%2BKiNmet9%2FBpxrzC1TxzoUibxvUG%2FTHv4znH4j2ESLoL5XX1mhiGa2ab2KKzK%2FD0q62HozqS%2FNxoYfvo6m%2BoxCd57dqyI%2BY%2Bzu9hlM0L0d1oJ6YQERCYbV%2BDLBF5NWM%2BNqEwOVOM4TtC%2BH%2BKcFJ5vLVPYv3B%2BMfma3eNKUz5s8E9BJOEBJbYoK8DEqzWVSZa0iI5RC0AIZII%2BQp3gN6EAbnKWjXskPsyOEghaPzmYGenwBKCOsxud06YQ7WtzYz2dxYGz6FrXNtbwC2OkmZiN%2FMCwE0S0UV3TjocKZF2e%2BCwpr0t4BkKLVnOayNS%2BNEDLMIcOsKVXVj%2BmfMlDQ7C8EKB2pw4QZd%2BGQ8bpflHDdXy3M84PO1p3ZHpTjiAgaqhPKy7oZ2s9fmqLArGY7dHSsQd%2FU5rymXOpnSqIYYapk1VfYMNWnNXX9MaenKbmSdYhIIpEbN%2BP6osbqbza7ij71MmmCICD0YHHdRvQQhMy5Y5Edtw%3D%3D&checksum=19231185106847235735105148e1a77a30b89d77a8e9"
"Apple iPhone 7 Plus 128GB Factory Unlocked 4G LTE iOS WiFi Smartphone","$324.95","https://www.ebay.com/itm/Apple-iPhone-7-Plus-128GB-Factory-Unlocked-4G-LTE-iOS-WiFi-Smartphone/382248638826?epid=240307021&hash=item58ffcb596a:m:mnQONVVeEl2bYSNagBeK5YQ"
"Apple iPhone 8 Plus Smartphone AT&T Sprint T-Mobile Verizon or Unlocked 4G LTE","$310.00 to $470.00","https://www.ebay.com/itm/Apple-iPhone-8-Plus-Smartphone-AT-T-Sprint-T-Mobile-Verizon-or-Unlocked-4G-LTE/302847614914?epid=17034879877&hash=item46831fdfc2:m:mZQWR_ftZwGljYXxD2yTT0Q:sc:USPSPriority!94040!US!-1"
"Apple iPhone 11 PRO - 64GB All Colors - GSM & CDMA Unlocked - Apple Warranty","$994.00","https://www.ebay.com/itm/Apple-iPhone-11-PRO-64GB-All-Colors-GSM-CDMA-Unlocked-Apple-Warranty/163857675138?epid=6034218747&hash=item2626adb382:m:mdj-wi6JeH-Bz7l1rS2IzVQ:sc:USPSPriorityMailPaddedFlatRateEnvelope!94040!US!-1"
"Apple iPhone 8 Plus a1864 256GB Verizon Good Condition (Unlocked)","$419.99","https://www.ebay.com/itm/Apple-iPhone-8-Plus-a1864-256GB-Verizon-Good-Condition-Unlocked/123845855894?epid=239165048&hash=item1cd5c9ca96:m:mPHz4w5ILPcwZLffxdw9hOw"
"Apple iPhone 8 Plus 64GB 256GB Smartphone Unlocked AT&T Verizon T-Mobile Others","$369.99 to $544.99","https://www.ebay.com/itm/Apple-iPhone-8-Plus-64GB-256GB-Smartphone-Unlocked-AT-T-Verizon-T-Mobile-Others/382274989389?hash=item59015d6d4d:m:mBjgKYwHthQJQk04uh0p4Fg"
" Brand NEW  Sealed Apple iPhone 8 64GB GRAY AT&T ATT  1yr Apple Warranty","$389.00","https://www.ebay.com/itm/Brand-NEW-Sealed-Apple-iPhone-8-64GB-GRAY-AT-T-ATT-1yr-Apple-Warranty/193016146726?epid=239054120&hash=item2cf0a8ab26:g:~Y0AAOSwAitdRJcr"
"Apple iPhone X 64GB / 256GB - Unlocked/ Verizon/ AT&T/ T-Mobile/ Sprint","$409.99 to $549.99","https://www.ebay.com/itm/Apple-iPhone-X-64GB-256GB-Unlocked-Verizon-AT-T-T-Mobile-Sprint/273961678907?epid=239160993&hash=item3fc963783b:m:m07mWFIspbiVQx94oo94omQ"
"Apple iPhone 7 ""Factory Unlocked"" 32GB 4G LTE iOS WiFi Smartphone","$169.95","https://www.ebay.com/itm/Apple-iPhone-7-Factory-Unlocked-32GB-4G-LTE-iOS-WiFi-Smartphone/401466898078?epid=240306961&hash=item5d794ab69e:m:m9jr3ALcvAY4cU7putC_lrA"
"Apple iPhone 7 a1660 32GB Verizon Great Condition (Unlocked)","$204.99","https://www.ebay.com/itm/Apple-iPhone-7-a1660-32GB-Verizon-Great-Condition-Unlocked/123845852173?epid=25032592004&hash=item1cd5c9bc0d:m:mOBZiusclJQZ9IuZ0-BtB8A"
"Apple iPhone 8 - 64GB Space Gray (T-Mobile) MQ6Y2LL/A A1905 (GSM)","$349.00","https://www.ebay.com/itm/Apple-iPhone-8-64GB-Space-Gray-T-Mobile-MQ6Y2LL-A-A1905-GSM/143395430721?epid=239165118&hash=item216308a141:g:e8EAAOSwNmxb28qp:sc:ShippingMethodExpress!94040!US!-1"
"Apple iPhone 7 32GB 128GB 256GB Factory Unlocked / AT&T T-Mobile Verizon Sprint","$159.99 to $234.99","https://www.ebay.com/itm/Apple-iPhone-7-32GB-128GB-256GB-Factory-Unlocked-AT-T-T-Mobile-Verizon-Sprint/143276016477?hash=item215bea835d:m:mrrjanyUF1CLnr5Uj7rFqsg"
"Apple iPhone X 64GB ""Factory Unlocked"" 4G LTE iOS WiFi 12MP Camera Smartphone","$529.95","https://www.ebay.com/itm/Apple-iPhone-X-64GB-Factory-Unlocked-4G-LTE-iOS-WiFi-12MP-Camera-Smartphone/382605209867?epid=240377072&hash=item59150c310b:m:mAhvbLikPwJqqOGpna6pMQg"
"Apple iPhone 6 Plus - 16GB 64GB 128GB - GSM/CDMA Unlocked AT&T Verizon T-Mobile","$129.99 to $244.99","https://www.ebay.com/itm/Apple-iPhone-6-Plus-16GB-64GB-128GB-GSM-CDMA-Unlocked-AT-T-Verizon-T-Mobile/382231672961?epid=240531108&hash=item58fec87881:m:mLuYJMWmpsoAwJdLa3ykzzw"
"Apple iPad Mini 2 Bundle • 7.9in 32GB Space Gray Wi-Fi ONLY • OPEN BOX!","$129.95","https://www.ebay.com/itm/Apple-iPad-Mini-2-Bundle-7-9in-32GB-Space-Gray-Wi-Fi-ONLY-OPEN-BOX/182821395081?_trkparms=ispr%3D1&hash=item2a91011a89:g:iZ4AAOSwOd9duN93&enc=AQAEAAACQBPxNw%2BVj6nta7CKEs3N0qUiSyG8jn2UUw4%2B1M6E3TCpfjsDy136rmj9N0Q%2Foq0xDQmz64NRq69eiqSeps%2BLtV5NFfU0kqyOnRFbfrYH1d9Rx9vk4SI3HaTTetiW48FaknWHzZbXzY6o7WgSfQ8IMhKT5ZG04IleZI9Kky0jyIKkVLpDSBGhPUdsxnW8Ht0%2FSqeom6Cz%2B77%2BHiudbVms%2Frsd8ylC4SM5SR1cIyw977kBkP7yVfikrPjh5dgKvhTmHmYgThvd%2Fqpfk31pasOIbVp2ASTcrK%2BP%2BBjjgje1nLfStR%2B1EFYbIi8UPZ1Ay68DsmU5v%2FvZN8Kj82yHS7GlHg4tA6ZdYXY7Y4iz0Pgqf8WYDn22DfQkRekzidP6Qn8t8xOdGmkWQ1BGDuOB4l55oaU8KTl2Ztr1W2imdPQ3rWIvEDadz12Oimq9pNXPFhUo3GtqoAJc6q9h8qWfjjRPEsUvyr%2FOJrmm0yRzpV2b4aw7hQADFGcXsdMXHxhZ13p%2FUHtqLmUJVl3ItKJIFXOG50eK9x%2BjLf%2BJdtqy%2FLCMsutn1AdZLC5weXQPayuchrgWnkGAoYh4R3h52ns6DADYK4g8CeDYymkSvL%2F37k%2BQPxEgpr7JPI1QAq2%2FZa9jK77nKb1JhetNcOJPZTrVdyVTIcDIHN2X1uSKP3xM308t4MWYC%2FmM4CrV%2BdLPFxPeYGh3VEM55yPsUBQj11YHAzYJS2PUz6rDva3f0Bsrs3vEH0DVKhOCPB2caHKiGAFrncPr%2FQ%3D%3D&checksum=18282139508147235735105148e1a77a30b89d77a8e9&enc=AQAEAAACQBPxNw%2BVj6nta7CKEs3N0qUiSyG8jn2UUw4%2B1M6E3TCpfjsDy136rmj9N0Q%2Foq0xDQmz64NRq69eiqSeps%2BLtV5NFfU0kqyOnRFbfrYH1d9Rx9vk4SI3HaTTetiW48FaknWHzZbXzY6o7WgSfQ8IMhKT5ZG04IleZI9Kky0jyIKkVLpDSBGhPUdsxnW8Ht0%2FSqeom6Cz%2B77%2BHiudbVms%2Frsd8ylC4SM5SR1cIyw977kBkP7yVfikrPjh5dgKvhTmHmYgThvd%2Fqpfk31pasOIbVp2ASTcrK%2BP%2BBjjgje1nLfStR%2B1EFYbIi8UPZ1Ay68DsmU5v%2FvZN8Kj82yHS7GlHg4tA6ZdYXY7Y4iz0Pgqf8WYDn22DfQkRekzidP6Qn8t8xOdGmkWQ1BGDuOB4l55oaU8KTl2Ztr1W2imdPQ3rWIvEDadz12Oimq9pNXPFhUo3GtqoAJc6q9h8qWfjjRPEsUvyr%2FOJrmm0yRzpV2b4aw7hQADFGcXsdMXHxhZ13p%2FUHtqLmUJVl3ItKJIFXOG50eK9x%2BjLf%2BJdtqy%2FLCMsutn1AdZLC5weXQPayuchrgWnkGAoYh4R3h52ns6DADYK4g8CeDYymkSvL%2F37k%2BQPxEgpr7JPI1QAq2%2FZa9jK77nKb1JhetNcOJPZTrVdyVTIcDIHN2X1uSKP3xM308t4MWYC%2FmM4CrV%2BdLPFxPeYGh3VEM55yPsUBQj11YHAzYJS2PUz6rDva3f0Bsrs3vEH0DVKhOCPB2caHKiGAFrncPr%2FQ%3D%3D&checksum=18282139508147235735105148e1a77a30b89d77a8e9"
"Apple Watch Series 4 GPS 40mm Gold Case with Pink Sport Band MU682LL/A","$319.99","https://www.ebay.com/itm/Apple-Watch-Series-4-GPS-40mm-Gold-Case-with-Pink-Sport-Band-MU682LL-A/323802924950?epid=20023710972&_trkparms=ispr%3D1&hash=item4b64288796:g:PKMAAOSw27lcVrfs:sc:USPSPriority!94040!US!-1&enc=AQAEAAACQBPxNw%2BVj6nta7CKEs3N0qXOeZSvqMkHYL%2F2hviegcU7%2BIWc5%2FNRJb467dO3cYv7GuytPYq6ojNfI6FJACT2Zd3PI5dwGVQoAiyGftDmvqSZxZXawFHwde2nOY%2B9AwpP8JZf0TQEDIhMXY0DSMSR4GRVME1vVrtlB0DGcTZyC2V7gB3H7D0PzcpHqnukwqnssGnasMv1fl5QfalvWmYMbpmZtYr6xhErWjURSnekv7f%2BPTkBhctp4NxgNC9v5CAtJZJ6DywWkZBQ9Hd7N0tVxN1n%2FFlNGuxOMwFvcUzo9d7Lqhii9sv9N2tAfRlioviVxSm2%2BYSPxutGhggZIRe7N%2BgBcstLUIb9K7ddMWPxPs1Gy%2BY7kNgUKzLmfhR%2BjY5HkHp0qC2Lqd2XuSo1GxHTT4Teramn1xaSUfzOVjVl6DwlbGItarnqfo1WT6mlYt8RwbTLLrkTzOrompYncdU6hCKCCPyFYUlzK9oi%2FjIdoX%2B%2B00B7U4zjTecklVtoniTP3JN61NWe0Crg5gZ5I%2BfL9b0QXzLWjgZTJCyfwqz9CNvZONQNBK4AYnItOe5G3KUmTHa%2B3IbwcPMYxMPqNIxWtofg3CCJMCo9qmaaruE6sU3W25cWiOHVF0dL9btTLZAqoKo%2FvDvNRlQlBR0S%2FnUmyPjgXJlGw5nOqjoBrvgL1g5THP32008V1gvCLmyIMjfwXm9EqkKKeM6V%2B%2BXeuVaAwl2tLlUKZnqiHJDcDBxVlbeAcNFcGhnFGFj79z0eP1bBsA%3D%3D&checksum=32380292495047235735105148e1a77a30b89d77a8e9&enc=AQAEAAACQBPxNw%2BVj6nta7CKEs3N0qXOeZSvqMkHYL%2F2hviegcU7%2BIWc5%2FNRJb467dO3cYv7GuytPYq6ojNfI6FJACT2Zd3PI5dwGVQoAiyGftDmvqSZxZXawFHwde2nOY%2B9AwpP8JZf0TQEDIhMXY0DSMSR4GRVME1vVrtlB0DGcTZyC2V7gB3H7D0PzcpHqnukwqnssGnasMv1fl5QfalvWmYMbpmZtYr6xhErWjURSnekv7f%2BPTkBhctp4NxgNC9v5CAtJZJ6DywWkZBQ9Hd7N0tVxN1n%2FFlNGuxOMwFvcUzo9d7Lqhii9sv9N2tAfRlioviVxSm2%2BYSPxutGhggZIRe7N%2BgBcstLUIb9K7ddMWPxPs1Gy%2BY7kNgUKzLmfhR%2BjY5HkHp0qC2Lqd2XuSo1GxHTT4Teramn1xaSUfzOVjVl6DwlbGItarnqfo1WT6mlYt8RwbTLLrkTzOrompYncdU6hCKCCPyFYUlzK9oi%2FjIdoX%2B%2B00B7U4zjTecklVtoniTP3JN61NWe0Crg5gZ5I%2BfL9b0QXzLWjgZTJCyfwqz9CNvZONQNBK4AYnItOe5G3KUmTHa%2B3IbwcPMYxMPqNIxWtofg3CCJMCo9qmaaruE6sU3W25cWiOHVF0dL9btTLZAqoKo%2FvDvNRlQlBR0S%2FnUmyPjgXJlGw5nOqjoBrvgL1g5THP32008V1gvCLmyIMjfwXm9EqkKKeM6V%2B%2BXeuVaAwl2tLlUKZnqiHJDcDBxVlbeAcNFcGhnFGFj79z0eP1bBsA%3D%3D&checksum=32380292495047235735105148e1a77a30b89d77a8e9"
"Apple iPhone 8 Plus - 64GB GSM/CDMA Factory Unlocked A1864 Grade A","$379.00","https://www.ebay.com/itm/Apple-iPhone-8-Plus-64GB-GSM-CDMA-Factory-Unlocked-A1864-Grade-A/333268318557?epid=240464787&hash=item4d9856f95d:m:mcQzCyJ7-7G7MfaXusLPMiQ"
"New Sealed Apple iPhone 6 Plus Factory Unlocked CDMA GSM Unlocked iOS Smartphone","$259.99 to $269.99","https://www.ebay.com/itm/New-Sealed-Apple-iPhone-6-Plus-Factory-Unlocked-CDMA-GSM-Unlocked-iOS-Smartphone/233372887905?epid=240531108&hash=item36561bab61:m:mppCH3-Nqs0ZZ2ipe0oaS8Q"
"Apple iPhone 8 Plus 64GB ""Factory Unlocked"" 4G LTE iOS 12MP Camera Smartphone","$404.95","https://www.ebay.com/itm/Apple-iPhone-8-Plus-64GB-Factory-Unlocked-4G-LTE-iOS-12MP-Camera-Smartphone/362534145919?epid=17034879877&hash=item5468b80f7f:m:mFUPFNquj1R54rSa7yV3h6Q"
"Apple iPhone 7 32GB Rose Gold Unlocked Good Condition","$184.95","https://www.ebay.com/itm/Apple-iPhone-7-32GB-Rose-Gold-Unlocked-Good-Condition/153228438937?hash=item23ad206d99:g:O6EAAOSwas9dZaxa:sc:ShippingMethodStandard!94040!US!-1"
"Apple iPhone 6s 16GB 32GB 64GB 128GB Unlocked / AT&T Verizon T-Mobile Sprint","$119.99 to $149.99","https://www.ebay.com/itm/Apple-iPhone-6s-16GB-32GB-64GB-128GB-Unlocked-AT-T-Verizon-T-Mobile-Sprint/123792393549?epid=237718741&hash=item1cd29a054d:m:mHSUinEvoLKvbC27kMTXzag"
"Apple iPhone XS Max - 64GB 256GB 512GB - Unlocked AT&T Verizon T-Mobile Sprint","$579.99 to $899.99","https://www.ebay.com/itm/Apple-iPhone-XS-Max-64GB-256GB-512GB-Unlocked-AT-T-Verizon-T-Mobile-Sprint/382719219394?epid=18023708725&hash=item591bd7d6c2:m:m_39yOuZHrPaduRlWlr0vSQ"
"New in Sealed Box Apple iPhone 7 USA 32/128GB AT&T T-MOBILE Unlocked Smartphone","$255.99 to $303.99","https://www.ebay.com/itm/New-in-Sealed-Box-Apple-iPhone-7-USA-32-128GB-AT-T-T-MOBILE-Unlocked-Smartphone/233132193917?hash=item3647c2f87d:m:msPk-p5mssYSe_S1XwGS9Rw"
"Apple iPhone 7 Smartphone 32GB 128GB 256GB Factory Unlocked 4G LTE WiFi iOS","$164.00 to $234.00","https://www.ebay.com/itm/Apple-iPhone-7-Smartphone-32GB-128GB-256GB-Factory-Unlocked-4G-LTE-WiFi-iOS/292605336862?epid=225303158&hash=item4420a31d1e:m:muGAbzfCc0g96Des2xNMzyg:sc:USPSPriority!94040!US!-1"
"Apple iPhone 8 Plus 64GB Unlocked Great Condition","$439.27 to $457.81","https://www.ebay.com/itm/Apple-iPhone-8-Plus-64GB-Unlocked-Great-Condition/264234705928?epid=239080666&hash=item3d859da408:m:mEnTq12YKT9WUVvKH0am5wQ"
"Apple iPhone 7 Smartphone Black Rose Gold Silver 32GB 128GB 256GB GSM Unlocked","$179.00 to $234.00","https://www.ebay.com/itm/Apple-iPhone-7-Smartphone-Black-Rose-Gold-Silver-32GB-128GB-256GB-GSM-Unlocked/292674469498?epid=15032447368&hash=item4424c1fe7a:m:muGAbzfCc0g96Des2xNMzyg:sc:USPSPriority!94040!US!-1"
"Apple iPhone 8 Plus- 64GB GSM Network Unlocked A1897 AT&T T-Mobile Cricket Metro","$389.00","https://www.ebay.com/itm/Apple-iPhone-8-Plus-64GB-GSM-Network-Unlocked-A1897-AT-T-T-Mobile-Cricket-Metro/233349627690?epid=239080666&hash=item3654b8bf2a:m:mkIuxBY7S-jv9RQi16_8YNA"
"Apple iPhone 7 a1660 128GB Verizon Great Condition (Unlocked)","$229.99","https://www.ebay.com/itm/Apple-iPhone-7-a1660-128GB-Verizon-Great-Condition-Unlocked/123845852130?epid=28016464864&hash=item1cd5c9bbe2:m:mOBZiusclJQZ9IuZ0-BtB8A"
"Apple iPhone X 64GB Unlocked Great Condition","$588.23 to $590.62","https://www.ebay.com/itm/Apple-iPhone-X-64GB-Unlocked-Great-Condition/264265199822?epid=240377072&hash=item3d876ef0ce:m:m9S7wwrASijkcat9b3edmmw"
"Apple iPhone 7 GSM Unlocked AT&T TMobile 32GB 128GB 256GB Smartphone","$159.99 to $247.99","https://www.ebay.com/itm/Apple-iPhone-7-GSM-Unlocked-AT-T-TMobile-32GB-128GB-256GB-Smartphone/332714692988?epid=232669182&hash=item4d7757517c:m:mWgYDe4a79NeLuAlV-RmAQA:sc:USPSFirstClass!94040!US!-1"
"Apple iPhone 8 Plus a1864 64GB Unlocked -Good","$399.99","https://www.ebay.com/itm/Apple-iPhone-8-Plus-a1864-64GB-Unlocked-Good/383216400320?epid=240445896&hash=item59397a37c0:m:mPHz4w5ILPcwZLffxdw9hOw"
"Apple iPhone 11 PRO - 256GB All Colors - GSM & CDMA Unlocked - Apple Warranty","$1,129.00","https://www.ebay.com/itm/Apple-iPhone-11-PRO-256GB-All-Colors-GSM-CDMA-Unlocked-Apple-Warranty/163857680746?epid=25034208678&hash=item2626adc96a:m:mdj-wi6JeH-Bz7l1rS2IzVQ:sc:USPSPriorityMailPaddedFlatRateEnvelope!94040!US!-1"
"Apple iPhone 7 128GB Factory Unlocked Smartphone","$199.99","https://www.ebay.com/itm/Apple-iPhone-7-128GB-Factory-Unlocked-Smartphone/254155891623?epid=240531128&hash=item3b2cdf23a7:m:m8c9XQs4CB_LPTQpe2EYUNw:sc:USPSPriority!94040!US!-1"
"Apple iPhone 7 Plus 128GB Unlocked Great Condition","$349.99 to $361.80","https://www.ebay.com/itm/Apple-iPhone-7-Plus-128GB-Unlocked-Great-Condition/264234639345?hash=item3d859c9ff1:m:mIzCcXuu2XYekChykw5SHjw"
"Apple Watch Series 4 GPS 44mm Space Gray Case with Black Sport Band MU6D2LL/A","$279.00","https://www.ebay.com/itm/Apple-Watch-Series-4-GPS-44mm-Space-Gray-Case-with-Black-Sport-Band-MU6D2LL-A/362694209497?epid=19023711020&hash=item5472426fd9:g:wu4AAOSwzi5dIAZx:sc:ShippingMethodExpress!94040!US!-1"
"Apple iPhone 8 - 64GB 256GB Smartphone Unlocked AT&T Verizon T-Mobile & Others","$279.99 to $469.99","https://www.ebay.com/itm/Apple-iPhone-8-64GB-256GB-Smartphone-Unlocked-AT-T-Verizon-T-Mobile-Others/192356307602?hash=item2cc9545292:m:mXilW6FAaa2NflAvQfe6V-A"
"Apple 13"" Macbook Laptop MC207LL/A (High Sierra) 4GB MEMORY + 250GB HARD DRIVE","$198.00","https://www.ebay.com/itm/Apple-13-Macbook-Laptop-MC207LL-A-High-Sierra-4GB-MEMORY-250GB-HARD-DRIVE/254295439099?epid=85150888&_trkparms=ispr%3D1&hash=item3b353076fb:g:Yc4AAOSw8ZhdN36J:sc:USPSPriority!94040!US!-1&enc=AQAEAAACQBPxNw%2BVj6nta7CKEs3N0qVIGSx0SiPuv7%2Bj%2BmHKM4qDIfrQcMejcwL8ffBGszxFWZ9OyFWYQ2PepYFC8UAPIzZHCDiF7uGV5S5QNhe2A6UdGZWvsGQixOphUe1Ev%2BMw5qwW6%2BpbgpB281yET9EO5OFLOLPXkL8kJDbo1I8Fhqe%2B1oZ5fsq20eZb3S0WEQE187xJMD5keCTGIw38i3FEuVSmp0%2BYnYGTdi25IXQ3549EWmB%2FbpBwbRZZe1CF03dyN%2FkgtkJjpJt76sAk8hCTLQiWfwBZAhKs1xqpnrVNdaFBEM2rZD7%2FbUAg1rXPuI7rHmTYHgX%2BY6fPeJdXx5EKSTfwzZvC%2BmaDhHAczVOehM7ZIucluz3ozoY6pCIacnGf%2FDQZmMSWALjsma3Or72zpzIW8vlBzux%2FI%2B5D8SpThkCs9%2Bf4tl07dhTcW5puYPwefX6bU4DFPrnudqbVaPX8yZcAiXP2EEeAtjWINTVq3ifyVBmf4aiQqV39vl6vw7Er3pBCnX5K4kTb63MI0rZlvWvOHEKYCqui3O%2F%2BJ3PmeqQ7FUagQY6JBQzoKlj3e%2Fn3PuuIHlxlMVt4JRSrKfmRlrisb4zl6QP5NOgGDIAMluPAKeTdThCySJXkU0U7LdpSOONFLdI9XRJqnEiyDc8Ctx9vYa4rR7PGtrBBw0FSDDjlwfXJyIY6%2BxHw%2FHOaYCILfwPCYeMCnuxQyK0i0PM%2BbNnzR7ADUYTAsY0%2BluZAnfIcnSllgEYGnM%2FMRXMwsL7FQA%3D%3D&checksum=25429543909947235735105148e1a77a30b89d77a8e9&enc=AQAEAAACQBPxNw%2BVj6nta7CKEs3N0qVIGSx0SiPuv7%2Bj%2BmHKM4qDIfrQcMejcwL8ffBGszxFWZ9OyFWYQ2PepYFC8UAPIzZHCDiF7uGV5S5QNhe2A6UdGZWvsGQixOphUe1Ev%2BMw5qwW6%2BpbgpB281yET9EO5OFLOLPXkL8kJDbo1I8Fhqe%2B1oZ5fsq20eZb3S0WEQE187xJMD5keCTGIw38i3FEuVSmp0%2BYnYGTdi25IXQ3549EWmB%2FbpBwbRZZe1CF03dyN%2FkgtkJjpJt76sAk8hCTLQiWfwBZAhKs1xqpnrVNdaFBEM2rZD7%2FbUAg1rXPuI7rHmTYHgX%2BY6fPeJdXx5EKSTfwzZvC%2BmaDhHAczVOehM7ZIucluz3ozoY6pCIacnGf%2FDQZmMSWALjsma3Or72zpzIW8vlBzux%2FI%2B5D8SpThkCs9%2Bf4tl07dhTcW5puYPwefX6bU4DFPrnudqbVaPX8yZcAiXP2EEeAtjWINTVq3ifyVBmf4aiQqV39vl6vw7Er3pBCnX5K4kTb63MI0rZlvWvOHEKYCqui3O%2F%2BJ3PmeqQ7FUagQY6JBQzoKlj3e%2Fn3PuuIHlxlMVt4JRSrKfmRlrisb4zl6QP5NOgGDIAMluPAKeTdThCySJXkU0U7LdpSOONFLdI9XRJqnEiyDc8Ctx9vYa4rR7PGtrBBw0FSDDjlwfXJyIY6%2BxHw%2FHOaYCILfwPCYeMCnuxQyK0i0PM%2BbNnzR7ADUYTAsY0%2BluZAnfIcnSllgEYGnM%2FMRXMwsL7FQA%3D%3D&checksum=25429543909947235735105148e1a77a30b89d77a8e9"
"Apple iPad 4 WiFi + GSM Unlocked | Black or White | 16GB 32GB 64GB 128GB","$99.85 to $199.85","https://www.ebay.com/itm/Apple-iPad-4-WiFi-GSM-Unlocked-Black-or-White-16GB-32GB-64GB-128GB/173609728979?epid=129594888&_trkparms=ispr%3D1&hash=item286bf23bd3:m:mZbvDkDP1QnlsRPeZhDUuYA:sc:USPSPriority!94040!US!-1&enc=AQAEAAACQBPxNw%2BVj6nta7CKEs3N0qUNSklu90Ep2tNCjOuJXzclzSvNy1y0YispO62%2Bap%2FMrV%2BdkcLQW%2B5lJO1unvxSw4lkKup1MXk%2Bgx1l%2FE6P8rQmHkqGW1BDngilbOGeWEeEMnf96YLyx0Et9IkHvYJ3km%2BBs4eZllTbRaDhPrRSBIut55%2FTg8obFlgkJMWqHieRH453MTrCCDnaA9qF96%2BmKTJhk4%2BH4GXubFz7n4tzve5IdFffLRIzlFA6My3QlUfvMrwrW5sDNZeU4Hl1AyhMzgHdrYvTLWMNB%2F1u%2F3SEoXksrV%2BZWfX6fUY5Wh058e7RSJWMDWo7GaZWnUQ6UpR20%2F%2Fw7m2Tg7arvv7GKKygQqughnu8D%2FhQpCX%2FBIKHZDTIh%2BzZ3BdOM%2FiZ6ziXF7h%2FMw8Ax1Xh8gJI19jhyXz6iWptGK0MBbebylcn9djLW4qIiEg13%2BxmxJLpDGgBFXxNZ4FRXAXpHITLzaYvZapSb%2FRQuI1SkB7kQ5SId1Kc0f3Hyn%2BvXBf0zB9R9NwEvPQJx24EmSB9pHBCsQncfEf1pxI23bBgLHjb7V117P6%2B%2BsEjfseIILOYk7OtKwMDIe9XdI1mKVy5d%2BY7Qk57oC5rkgmiFN2LQaGbzF2tls0B1zqmd3U1HMHsIW7rLuoHQvdsKmFc5%2F9E2PWx7dhFtBulIiKuhPPMdCK6LOVWoDbrUz1DWKaV%2FoMtKnoqbShy3CNjmGGi28nzkirP671aoN0mJ2uDI9hYIj0VRl2WQLVrfMOBwg%3D%3D&checksum=17360972897947235735105148e1a77a30b89d77a8e9&enc=AQAEAAACQBPxNw%2BVj6nta7CKEs3N0qUNSklu90Ep2tNCjOuJXzclzSvNy1y0YispO62%2Bap%2FMrV%2BdkcLQW%2B5lJO1unvxSw4lkKup1MXk%2Bgx1l%2FE6P8rQmHkqGW1BDngilbOGeWEeEMnf96YLyx0Et9IkHvYJ3km%2BBs4eZllTbRaDhPrRSBIut55%2FTg8obFlgkJMWqHieRH453MTrCCDnaA9qF96%2BmKTJhk4%2BH4GXubFz7n4tzve5IdFffLRIzlFA6My3QlUfvMrwrW5sDNZeU4Hl1AyhMzgHdrYvTLWMNB%2F1u%2F3SEoXksrV%2BZWfX6fUY5Wh058e7RSJWMDWo7GaZWnUQ6UpR20%2F%2Fw7m2Tg7arvv7GKKygQqughnu8D%2FhQpCX%2FBIKHZDTIh%2BzZ3BdOM%2FiZ6ziXF7h%2FMw8Ax1Xh8gJI19jhyXz6iWptGK0MBbebylcn9djLW4qIiEg13%2BxmxJLpDGgBFXxNZ4FRXAXpHITLzaYvZapSb%2FRQuI1SkB7kQ5SId1Kc0f3Hyn%2BvXBf0zB9R9NwEvPQJx24EmSB9pHBCsQncfEf1pxI23bBgLHjb7V117P6%2B%2BsEjfseIILOYk7OtKwMDIe9XdI1mKVy5d%2BY7Qk57oC5rkgmiFN2LQaGbzF2tls0B1zqmd3U1HMHsIW7rLuoHQvdsKmFc5%2F9E2PWx7dhFtBulIiKuhPPMdCK6LOVWoDbrUz1DWKaV%2FoMtKnoqbShy3CNjmGGi28nzkirP671aoN0mJ2uDI9hYIj0VRl2WQLVrfMOBwg%3D%3D&checksum=17360972897947235735105148e1a77a30b89d77a8e9"
